Rk,School,City, State,From,To,Yrs,G,W,L,WL,SRS,SOS,AP,CREG,CTRN,NCAA,FF,NC
1,Abilene Christian Wildcats,Abilene, Texas,1971,2019,9,263,128,135,0.487,-11.9,-6.93,0,0,1,1,0,0
2,Air Force Falcons,USAF Academy, Colorado,1958,2019,61,1671,729,942,0.436,-2.67,1.31,0,1,0,4,0,0
3,Akron Zips,Akron, Ohio,1902,2019,68,1562,918,644,0.588,-0.43,-1.49,0,8,4,4,0,0
4,Alabama A&M Bulldogs,Normal, Alabama,2000,2019,20,580,224,356,0.386,-16.9,-11.43,0,1,1,1,0,0
5,Alabama Crimson Tide,Tuscaloosa, Alabama,1913,2019,106,2725,1677,1047,0.616,7.21,4.53,15,10,7,21,0,0
6,Alabama State Hornets,Montgomery, Alabama,1983,2019,37,1096,532,564,0.485,-12.87,-10.11,0,4,4,4,0,0
7,Alabama-Birmingham Blazers,Birmingham, Alabama,1980,2019,40,1288,801,487,0.622,6.55,2.73,2,7,5,15,0,0
8,Albany (NY) Great Danes,Albany, New York,2000,2019,20,626,312,314,0.498,-6.65,-6.09,0,2,5,5,0,0
9,Alcorn State Braves,Alcorn State, Mississippi,1978,2019,42,1245,537,708,0.431,-13.54,-8.85,0,10,6,6,0,0
10,Allegheny Gators,Meadville, Pennsylvania,1896,1916,21,234,191,41,0.823,,,0,0,0,,,
11,American Eagles,Washington D.C., Washington D.C.,1967,2019,53,1503,739,764,0.492,-5.57,-3.74,0,7,3,3,0,0
12,Amherst Lord Jeffs,Amherst, Massachusetts,1901,1902,2,12,12,0,1,,,0,0,0,,,
13,Appalachian State Mountaineers,Boone North, Carolina,1974,2019,46,1352,657,695,0.486,-6.01,-3.37,0,10,2,2,0,0
14,Arizona State Sun Devils,Tempe, Arizona,1912,2019,104,2539,1348,1191,0.531,4.85,3.85,7,8,0,16,0,0
15,Arizona Wildcats,Tucson, Arizona,1905,2019,112,2722,1787,934,0.657,8.76,4.98,27,24,7,35,4,1
16,Arkansas Razorbacks,Fayetteville, Arkansas,1924,2019,96,2643,1688,955,0.639,7.44,3.03,16,26,7,32,6,1
17,Arkansas State Red Wolves,State University, Arkansas,1971,2019,49,1420,727,693,0.512,-3.59,-2.98,0,7,1,1,0,0
18,Arkansas-Pine Bluff Golden Lions,Pine Bluff, Arkansas,1999,2019,21,637,195,442,0.306,-19.45,-8.63,0,0,1,1,0,0
19,Armstrong Pirates,Savannah, Georgia,1987,1987,1,28,6,22,0.214,-21.6,-4.78,0,0,0,0,0,0
20,Army Black Knights,West Point, New York,1903,2019,117,2486,1235,1251,0.497,-9.24,-4.66,0,0,0,0,0,0
21,Auburn Tigers,Auburn, Alabama,1906,2019,113,2568,1364,1203,0.531,5.41,4.12,7,4,2,10,1,0
22,Augusta State Jaguars,Augusta, Georgia,1985,1991,7,197,64,133,0.325,-17.3,-8,0,0,0,0,0,0
23,Augustana (IL) Vikings,Rock Island, Illinois,1902,1917,12,116,81,35,0.698,,,0,0,0,,,
24,Austin Peay Governors,Clarksville, Tennessee,1964,2019,56,1607,803,804,0.5,-5.54,-3.37,1,8,5,7,0,0
25,Baker University Wildcats,Baldwin City, Kansas,1903,1908,6,90,62,28,0.689,,,0,0,0,,,
26,Baldwin-Wallace Yellow Jackets,Berea, Ohio,1948,1953,6,139,82,57,0.59,-4.45,1.84,0,0,0,0,0,0
27,Ball State Cardinals,Muncie, Indiana,1972,2019,48,1412,750,662,0.531,-0.93,-0.68,1,10,7,7,0,0
28,Baltimore Super Bees,Baltimore, Maryland,1979,1983,5,133,46,87,0.346,-13.76,-6.45,0,0,0,0,0,0
29,Baylor Bears,Waco, Texas,1907,2019,113,2724,1351,1373,0.496,1.36,2.48,6,5,0,12,2,0
30,Belmont Bruins,Nashville, Tennessee,2000,2019,20,635,415,220,0.654,1.06,-3.32,0,11,7,8,0,0
31,Beloit Buccaneers,Beloit, Wisconsin,1911,1924,8,95,66,28,0.702,,,0,0,0,,,
32,Bethune-Cookman Wildcats,Daytona Beach, Florida,1981,2019,39,1155,417,738,0.361,-16.81,-10,0,2,0,0,0,0
33,Binghamton Bearcats,Binghamton, New York,2002,2019,18,545,195,350,0.358,-11,-5.55,0,1,1,1,0,0
34,Birmingham-Southern Panthers,Birmingham, Alabama,1920,2006,5,105,65,40,0.619,-5.44,-8.71,0,1,0,0,0,0
35,Bloomsburg Huskies,Bloomsburg, Pennsylvania,1896,1911,15,143,88,55,0.615,,,0,0,0,,,
36,Boise State Broncos,Boise, Idaho,1972,2019,48,1413,783,630,0.554,0.08,-0.69,0,6,5,7,0,0
37,Boston College Eagles,Chestnut Hill, Massachusetts,1946,2019,74,2082,1143,939,0.549,3.15,3.09,8,6,2,18,0,0
38,Boston University Terriers,Boston, Massachusetts,1916,2019,93,2131,1092,1039,0.512,-6.84,-5.48,0,8,6,7,0,0
39,Bowling Green State Falcons,Bowling Green, Ohio,1916,2019,104,2572,1387,1185,0.539,-0.46,0.08,2,9,0,4,0,0
40,Bradley Braves,Peoria, Illinois,1903,2019,115,2871,1669,1202,0.581,4.68,3,12,7,3,9,2,0
41,Brigham Young College,Logan, Utah,1908,1908,1,11,10,1,0.909,,,0,0,0,,,
42,Brigham Young Cougars,Provo, Utah,1903,2019,117,2924,1829,1095,0.626,7.56,3.54,10,25,3,29,0,0
43,Brooklyn Bulldogs,Brooklyn, New York,1934,1992,25,567,233,334,0.411,-19.21,-9.62,0,0,0,0,0,0
44,Brown Bears,Providence, Rhode Island,1901,2019,113,2574,1045,1529,0.406,-10.95,-4.61,0,1,0,2,0,0
45,Bryant Bulldogs,Smithfield, Rhode Island,2011,2019,9,278,97,181,0.349,-11.74,-5.24,0,0,0,0,0,0
46,Bucknell Bison,Lewisburg, Pennsylvania,1896,2019,124,2678,1449,1229,0.541,-8.25,-6.88,0,18,8,8,0,0
47,Buffalo Bulls,Buffalo, New York,1907,2019,50,1205,613,592,0.509,-5.14,-2.41,1,5,4,4,0,0
48,Butler Bulldogs,Indianapolis, Indiana,1897,2019,121,2742,1597,1145,0.582,1.67,3.05,7,13,7,16,2,0
49,Cal Poly Mustangs,San Luis Obispo, California,1995,2019,25,735,296,439,0.403,-6.63,-1.81,0,1,1,1,0,0
50,Cal State Bakersfield Roadrunners,Bakersfield, California,2011,2019,9,286,145,141,0.507,-4.69,-3.17,0,1,1,1,0,0
51,Cal State Fullerton Titans,Fullerton, California,1975,2019,45,1313,624,689,0.475,-1.83,-0.27,0,2,3,3,0,0
52,Cal State Los Angeles Golden Eagles,Los Angeles, California,1971,1975,5,130,70,60,0.538,-1.89,1.34,0,0,0,1,0,0
53,Cal State Northridge Matadors,Northridge, California,1991,2019,29,865,369,496,0.427,-5.29,-1.89,0,3,2,2,0,0
54,California Baptist,Riverside, California,2019,2019,1,31,16,15,0.516,-3.89,-4.12,0,0,0,0,0,0
55,Campbell Fighting Camels,Buies Creek, North Carolina,1978,2019,42,1213,503,710,0.415,-12.68,-7.1,0,2,1,1,0,0
56,Canisius Golden Griffins,Buffalo, New York,1904,2019,115,2574,1307,1267,0.508,-3.65,-1.65,1,8,1,4,0,0
57,Carleton College Knights,Northfield, Minnesota,1910,1934,25,360,280,80,0.778,,,0,0,0,,,
58,Carnegie Mellon Tartans,Pittsburgh, Pennsylvania,1933,1939,7,87,40,47,0.46,,,0,2,0,0,0,0
59,Case Western Reserve Spartans,Cleveland, Ohio,1898,1955,13,245,95,150,0.388,-18.31,-2.68,0,0,0,0,0,0
60,Catholic Cardinals,Washington D.C., Washington D.C.,1913,1981,13,248,122,126,0.492,-15.98,-6.69,0,0,0,1,0,0
61,Centenary (LA) Gents,Shreveport, Louisiana,1960,2011,52,1435,637,798,0.444,-8.73,-3.96,1,1,1,0,0,0
62,Central Arkansas Bears,Conway, Arkansas,2011,2019,9,274,83,191,0.303,-14.64,-5.46,0,0,0,0,0,0
63,Central Connecticut State Blue Devils,New Britain, Connecticut,1987,2019,33,961,391,570,0.407,-12.49,-7.74,0,3,3,3,0,0
64,Central Florida Knights,Orlando, Florida,1985,2019,35,1049,527,522,0.502,-4.28,-2.8,0,1,4,5,0,0
65,Central Michigan Chippewas,Mount Pleasant, Michigan,1974,2019,46,1325,588,737,0.444,-3.86,-0.38,0,8,2,4,0,0
66,Central Missouri Mules,Warrensburg, Missouri,1913,1937,10,178,140,38,0.787,,,0,0,0,,,
67,Central Normal College,Danville, Indiana,1931,1931,1,19,19,0,1,,,0,0,0,,,
68,Central Pennsylvania College Knights,Summerdale, Pennsylvania,1896,1900,4,6,2,4,0.333,,,0,0,0,,,
69,Centre (KY) Colonels,Danville, Kentucky,1910,1919,3,45,41,4,0.911,,,0,0,0,,,
70,Charleston Southern Buccaneers,Charleston, South Carolina,1975,2019,45,1291,536,755,0.415,-13.21,-7.21,0,4,4,1,0,0
71,Charlotte 49ers,Charlotte, North Carolina,1973,2019,47,1399,767,632,0.548,3.47,2.11,2,6,5,11,1,0
72,Chattanooga Mocs,Chattanooga, Tennessee,1978,2019,42,1292,775,517,0.6,-2.56,-3.66,1,19,11,11,0,0
73,Cheyenne Business College,Cheyenne, Wyoming,1903,1903,1,1,1,0,1,,,0,0,0,,,
74,Chicago Maroons,Chicago, Illinois,1896,1946,46,862,419,443,0.486,,,0,6,0,0,0,0
75,Chicago State Cougars,Chicago, Illinois,1985,2019,35,1023,269,754,0.263,-15.06,-2.23,0,0,1,0,0,0
76,Cincinnati Bearcats,Cincinnati, Ohio,1902,2019,118,2831,1815,1016,0.641,11.67,5,25,24,12,33,6,2
77,Citadel Bulldogs,Charleston, South Carolina,1913,2019,107,2362,997,1365,0.422,-13.06,-5.55,0,0,0,0,0,0
78,City College of New York Beavers,New York, New York,1906,1953,48,725,517,208,0.713,-0.07,2.71,0,1,0,2,2,1
79,Clemson Tigers,Clemson, South Carolina,1912,2019,108,2636,1331,1303,0.505,5.33,4.16,6,1,1,12,0,0
80,Cleveland State Vikings,Cleveland, Ohio,1973,2019,47,1379,682,697,0.495,-3.31,-1.57,0,4,2,2,0,0
81,Coastal Carolina Chanticleers,Conway, South Carolina,1987,2019,33,991,504,487,0.509,-8.35,-6.42,0,7,5,4,0,0
82,Colgate Raiders,Hamilton, New York,1901,2019,119,2683,1281,1402,0.477,-11.14,-5.71,0,4,3,3,0,0
83,College of Charleston Cougars,Charleston, South Carolina,1992,2019,28,877,609,268,0.694,1.13,-4.27,2,13,4,5,0,0
84,College of New Jersey Lions,Ewing, New Jersey,1900,1900,1,5,3,2,0.6,,,0,0,0,,,
85,Colorado Buffaloes,Boulder, Colorado,1902,2019,116,2529,1317,1212,0.521,4.95,5.9,5,19,1,14,2,0
86,Colorado College Tigers,Colorado Springs, Colorado,1915,1937,23,376,233,143,0.62,,,0,7,0,,,
87,Colorado School of Mines Orediggers,Golden, Colorado,1908,1937,28,282,80,202,0.284,,,0,2,0,,,
88,Colorado State Rams,Fort Collins, Colorado,1902,2019,115,2538,1266,1272,0.499,2.64,2.34,0,6,1,10,0,0
89,Columbia Lions,New York, New York,1901,2019,119,2618,1302,1316,0.497,-7.65,-5.2,2,13,0,3,0,0
90,Concordia Seminary Preachers,St. Louis, Missouri,1907,1923,2,16,14,2,0.875,,,0,0,0,,,
91,Connecticut Huskies,Storrs, Connecticut,1901,2019,113,2613,1656,957,0.634,6.32,0.9,16,27,8,32,5,4
92,Coppin State Eagles,Baltimore, Maryland,1986,2019,34,1032,477,555,0.462,-10.73,-8.22,0,10,4,4,0,0
93,Cornell Big Red,Ithaca, New York,1899,2019,121,2703,1262,1441,0.467,-7.79,-4.54,0,8,0,5,0,0
94,Cotner University,Lincoln, Nebraska,1910,1911,2,27,24,3,0.889,,,0,0,0,,,
95,Creighton Bluejays,Omaha, Nebraska,1912,2019,99,2582,1562,1020,0.605,3.55,3.28,4,15,12,21,0,0
96,Cumberland University Bulldogs,Lebanon, Tennessee,1904,1904,1,4,4,0,1,,,0,0,0,,,
97,Dakota Wesleyan Tigers,Mitchell, South Dakota,1932,1932,1,20,19,1,0.95,,,0,0,0,,,
98,Dartmouth Big Green,Hanover, New Hampshire,1900,2019,119,2832,1307,1523,0.462,-10.93,-5.16,0,12,0,7,2,0
99,Davidson Wildcats,Davidson, North Carolina,1909,2019,110,2679,1461,1218,0.545,-3.14,-3.06,6,24,13,14,0,0
100,Dayton Flyers,Dayton, Ohio,1904,2019,114,2763,1645,1118,0.595,6.8,3.18,7,5,2,18,1,0
101,Delaware Fightin' Blue Hens,Newark, Delaware,1906,2019,78,1889,931,957,0.493,-8.65,-6.02,0,4,5,5,0,0
102,Delaware State Hornets,Dover, Delaware,1974,2019,46,1328,530,798,0.399,-16.54,-10.27,0,3,1,1,0,0
103,Denison Big Red,Granville, Ohio,1905,1944,24,362,269,93,0.743,,,0,0,0,0,0,0
104,Denver Pioneers,Denver, Colorado,1904,2019,96,2074,941,1133,0.454,-3.7,-0.6,0,4,0,0,0,0
105,DePaul Blue Demons,Chicago, Illinois,1924,2019,96,2491,1467,1024,0.589,6.14,5.84,12,2,0,22,2,0
106,DePauw Tigers,Greencastle, Indiana,1916,1932,17,276,182,94,0.659,,,0,0,0,,,
107,Detroit Mercy Titans,Detroit, Michigan,1910,2019,110,2649,1416,1233,0.535,0.23,1.13,2,2,3,6,0,0
108,Dickinson College Red Devils,Carlisle, Pennsylvania,1926,1947,2,34,30,4,0.882,,,0,0,0,0,0,0
109,Drake Bulldogs,Des Moines, Iowa,1907,2019,113,2723,1243,1480,0.456,0.96,3,5,9,1,4,1,0
110,Drexel Dragons,Philadelphia, Pennsylvania,1895,2019,49,1354,744,610,0.549,-3.5,-4.53,0,7,4,4,0,0
111,Duke Blue Devils,Durham, North Carolina,1906,2019,114,3063,2176,887,0.71,16.15,6.65,48,22,26,43,16,5
112,Duquesne Dukes,Pittsburgh, Pennsylvania,1914,2019,103,2526,1402,1124,0.555,2,1.99,7,2,1,5,1,0
113,East Carolina Pirates,Greenville, North Carolina,1967,2019,53,1513,664,849,0.439,-4.83,-1.23,0,0,2,2,0,0
114,East Central Tigers,Ada, Oklahoma,1929,1931,3,74,66,8,0.892,,,0,0,0,,,
115,East Tennessee State Buccaneers,Johnson City, Tennessee,1959,2019,61,1742,947,795,0.544,-4.3,-3.52,1,10,9,10,0,0
116,Eastern Illinois Panthers,Charleston, Illinois,1982,2019,38,1115,512,603,0.459,-7.4,-4.25,0,0,3,2,0,0
117,Eastern Kentucky Colonels,Richmond, Kentucky,1948,2019,69,1853,906,947,0.489,-4.67,-2.63,0,7,5,8,0,0
118,Eastern Michigan Eagles,Ypsilanti, Michigan,1933,2019,47,1388,659,729,0.475,-2.99,-0.27,0,5,4,4,0,0
119,Eastern Washington Eagles,Cheney, Washington,1984,2019,36,1052,449,603,0.427,-6.4,-2.23,0,3,2,2,0,0
120,Elon Phoenix,Elon, North Carolina,2000,2019,20,617,265,352,0.429,-8.47,-3.78,0,2,0,0,0,0
121,Emporia State Hornets,Emporia, Kansas,1934,1934,1,18,17,1,0.944,,,0,0,0,,,
122,Evansville Purple Aces,Evansville, Indiana,1925,2019,46,1305,707,598,0.542,1.47,1.03,0,6,4,5,0,0
123,Fairfield Stags,Fairfield, Connecticut,1965,2019,55,1573,767,806,0.488,-4.28,-2.92,0,3,3,3,0,0
124,Fairleigh Dickinson Knights,Teaneck, New Jersey,1968,2019,52,1464,706,758,0.482,-9.98,-6.97,0,6,6,6,0,0
125,Florida A&M Rattlers,Tallahassee, Florida,1980,2019,40,1185,454,731,0.383,-15.9,-9.1,0,0,4,3,0,0
126,Florida Atlantic Owls,Boca Raton, Florida,1994,2019,26,772,280,492,0.363,-9.4,-3.42,0,1,1,1,0,0
127,Florida Gators,Gainesville, Florida,1921,2019,98,2548,1432,1115,0.562,7.8,4.88,15,9,4,22,5,2
128,Florida Gulf Coast Eagles,Fort Myers, Florida,2011,2019,9,303,179,124,0.591,-1.71,-3.56,0,3,3,3,0,0
129,Florida International Panthers,Miami, Florida,1988,2019,32,952,379,573,0.398,-8.32,-3.35,0,1,1,1,0,0
130,Florida State Seminoles,Tallahassee, Florida,1957,2019,63,1861,1102,759,0.592,7.39,4.88,10,2,2,17,1,0
131,Fordham Rams,Bronx, New York,1903,2019,115,2904,1518,1386,0.523,-2.73,-0.26,1,4,4,4,0,0
132,Franklin Grizzlies,Franklin, Indiana,1907,1925,18,221,144,77,0.652,,,0,0,0,,,
133,Fresno State Bulldogs,Fresno, California,1956,2019,52,1569,886,683,0.565,2.54,1.71,1,6,5,6,0,0
134,Furman Paladins,Greenville, South Carolina,1920,2019,98,2490,1242,1248,0.499,-6.35,-4.2,0,6,6,6,0,0
135,Gardner-Webb Runnin' Bulldogs,Boiling Springs, North Carolina,2003,2019,17,537,250,287,0.466,-8.23,-4.64,0,1,1,1,0,0
136,Geneva Golden Tornadoes,Beaver Falls, Pennsylvania,1893,1943,10,125,80,45,0.64,,,0,0,0,0,0,0
137,George Mason Patriots,Fairfax, Virginia,1979,2019,41,1237,664,573,0.537,-1.37,-1.63,0,4,4,6,1,0
138,George Washington Colonials,Washington D.C., Washington D.C.,1913,2019,102,2500,1349,1151,0.54,0.31,-0.11,3,7,5,11,0,0
139,Georgetown Hoyas,Washington D.C., Washington D.C.,1907,2019,111,2725,1672,1053,0.614,6.7,3.79,20,11,7,30,5,1
140,Georgia Bulldogs,Athens, Georgia,1906,2019,114,2736,1423,1313,0.52,3.84,4.83,5,3,3,12,1,0
141,Georgia Southern Eagles,Statesboro, Georgia,1972,2019,48,1399,714,685,0.51,-6.78,-5.06,0,7,3,3,0,0
142,Georgia State Panthers,Atlanta, Georgia,1974,2019,46,1347,593,754,0.44,-7.4,-3.9,0,7,5,5,0,0
143,Georgia Tech Yellow Jackets,Atlanta, Georgia,1920,2019,100,2595,1366,1229,0.526,5.5,5.09,8,3,4,16,2,0
144,Gettysburg Bullets,Gettysburg, Pennsylvania,1901,1973,41,724,385,339,0.532,-15.98,-9.8,0,0,0,0,0,0
145,Gonzaga Bulldogs,Spokane, Washington,1944,2019,68,2005,1305,700,0.651,2.98,-0.33,12,24,17,22,1,0
146,Grambling Tigers,Grambling, Louisiana,1978,2019,42,1196,444,752,0.371,-17.51,-9.37,0,3,0,0,0,0
147,Grand Canyon Antelopes,Phoenix, Arizona,2014,2019,6,195,123,72,0.631,-0.69,-4.18,0,0,0,0,0,0
148,Green Bay Phoenix,Green Bay, Wisconsin,1982,2019,38,1159,639,520,0.551,-0.38,-1.1,0,4,4,5,0,0
149,Grinnell Pioneers,Grinnell, Iowa,1901,1939,38,550,280,270,0.509,,,0,0,0,0,0,0
150,Grove City Wolverines,Grove City, Pennsylvania,1899,1925,27,383,257,126,0.671,,,0,0,0,,,
151,Hamline Pipers,St. Paul, Minnesota,1945,1948,4,102,82,20,0.804,,,0,0,0,0,0,0
152,Hampton Pirates,Hampton, Virginia,1996,2019,24,742,391,351,0.527,-8.78,-8.95,0,4,6,6,0,0
153,Hardin-Simmons Cowboys,Abilene, Texas,1923,1990,45,1149,481,668,0.419,-11.08,-5.7,0,1,0,2,0,0
154,Hartford Hawks,West Hartford, Connecticut,1985,2019,35,1038,436,602,0.42,-9.06,-5.38,0,0,0,0,0,0
155,Harvard Crimson,Boston, Massachusetts,1901,2019,108,2483,1153,1330,0.464,-8.33,-4.94,0,7,0,5,0,0
156,Haskell Indian Nations Institute Fighting Indians,Lawrence, Kansas,1903,1908,2,39,27,12,0.692,,,0,0,0,,,
157,Hawaii Rainbow Warriors,Honolulu, Hawaii,1971,2019,49,1439,758,681,0.527,2.12,1.95,1,3,4,5,0,0
158,High Point Panthers,High Point, North Carolina,2000,2019,20,607,295,312,0.486,-8.92,-6.27,0,4,0,0,0,0
159,Hiram Terriers,Hiram, Ohio,1894,1904,8,59,45,14,0.763,,,0,0,0,,,
160,Hofstra Pride,Hempstead, New York,1943,2019,54,1563,801,762,0.512,-6.09,-4.44,0,8,5,4,0,0
161,Holy Cross Crusaders,Worcester, Massachusetts,1901,2019,99,2406,1412,994,0.587,-1.84,-3.86,6,6,7,13,2,1
162,Hope Flying Dutchmen,Holland, Michigan,1908,1913,5,65,44,21,0.677,,,0,0,0,,,
163,Houston Baptist Huskies,Houston,Texas,1974,2019,25,720,303,417,0.421,-11.31,-6.01,0,2,1,1,0,0
164,Houston Cougars,Houston,Texas,1951,2019,69,2039,1224,815,0.6,5.54,2.69,9,5,6,21,5,0
165,Howard Bison,Washington D.C., Washington D.C.,1974,2019,46,1317,516,801,0.392,-15.04,-9.88,0,4,3,2,0,0
166,Idaho State Bengals,Pocatello, Idaho,1959,2019,61,1687,745,942,0.442,-6.4,-2.65,0,4,2,5,0,0
167,Idaho Vandals,Moscow, Idaho,1906,2019,114,2847,1344,1501,0.472,-4,-1.1,1,7,4,4,0,0
168,Illinois Fighting Illini,Champaign, Illinois,1906,2019,114,2802,1788,1014,0.638,12.76,7.65,26,17,2,30,5,0
169,Illinois State Redbirds,Normal, Illinois,1899,2019,60,1542,929,613,0.602,3.77,1.77,0,6,4,6,0,0
170,Illinois Wesleyan Titans,Bloomington, Illinois,1928,1928,1,14,13,1,0.929,,,0,0,0,,,
171,Illinois-Chicago Flames,Chicago, Illinois,1982,2019,38,1155,554,601,0.48,-2.8,-1.08,0,2,2,3,0,0
172,Incarnate Word Cardinals,San Antonio, Texas,2014,2019,6,173,81,92,0.468,-12.1,-6.53,0,0,0,0,0,0
173,Indiana Hoosiers,Bloomington, Indiana,1901,2019,119,2886,1833,1053,0.635,13.89,8.07,28,22,0,39,8,5
174,Indiana State Sycamores,Terre Haute, Indiana,1900,2019,97,2169,1116,1053,0.515,-0.29,1.87,1,2,3,4,1,0
175,Iona Gaels,New Rochelle, New York,1954,2019,66,1820,1023,797,0.562,-4.11,-3.54,1,11,11,14,0,0
176,Iowa Hawkeyes,Iowa City, Iowa,1893,2019,122,2827,1653,1173,0.585,11.12,7.33,18,8,2,26,3,0
177,Iowa State Cyclones,Ames, Iowa,1908,2019,112,2697,1374,1323,0.509,6.77,6.3,10,6,6,20,1,0
178,IUPUI Jaguars,Indianapolis, Indiana,1999,2019,21,654,311,343,0.476,-4.58,-2.49,0,1,1,1,0,0
179,Jackson State Tigers,Jackson, Mississippi,1978,2019,42,1264,594,670,0.47,-11.14,-8.7,0,7,4,3,0,0
180,Jacksonville Dolphins,Jacksonville, Florida,1967,2019,53,1530,750,780,0.49,-3.6,-2.01,2,2,2,5,1,0
181,Jacksonville State Gamecocks,Jacksonville, Alabama,1996,2019,24,712,308,404,0.433,-9.41,-6.4,0,0,1,1,0,0
182,James Madison Dukes,Harrisonburg, Virginia,1977,2019,43,1287,656,631,0.51,-2.31,-2.25,0,7,3,5,0,0
183,John Carroll Blue Streaks,University Heights, Ohio,1948,1955,8,191,80,111,0.419,-9.26,-0.19,0,0,0,0,0,0
184,Kalamazoo Hornets,Kalamazoo, Michigan,1908,1923,16,193,134,59,0.694,,,0,0,0,,,
185,Kansas Jayhawks,Lawrence, Kansas,1899,2019,121,3133,2274,859,0.726,15.61,7.08,44,61,15,48,15,3
186,Kansas State Wildcats,Manhattan, Kansas,1906,2019,114,2811,1657,1154,0.589,10.37,6.24,16,19,2,31,4,0
187,Kennesaw State Owls,Kennesaw, Georgia,2010,2019,10,313,84,229,0.268,-13.24,-3.43,0,0,0,0,0,0
188,Kent State Golden Flashes,Kent, Ohio,1914,2019,100,2403,1184,1219,0.493,-2.14,-0.32,0,9,6,6,0,0
189,Kentucky Wesleyan Panthers,Owensboro, Kentucky,1957,1958,2,52,30,22,0.577,-4.61,-2.27,0,0,0,0,0,0
190,Kentucky Wildcats,Lexington, Kentucky,1903,2019,116,3003,2295,707,0.764,17.69,6.7,52,55,33,59,17,8
191,La Salle Explorers,Philadelphia, Pennsylvania,1932,2019,88,2365,1373,992,0.581,2.79,0.62,6,9,8,12,2,1
192,Lafayette Leopards,Easton, Pennsylvania,1901,2019,109,2603,1333,1270,0.512,-8.16,-6.92,0,17,3,4,0,0
193,Lake Forest Foresters,Lake Forest, Illinois,1905,1916,12,144,89,55,0.618,,,0,0,0,,,
194,Lamar Cardinals,Beaumont, Texas,1970,2019,50,1454,745,709,0.512,-4.71,-3.95,0,9,4,6,0,0
195,Latter Day Saints University,Salt Lake City, Utah,1903,1903,1,16,15,1,0.938,,,0,0,0,,,
196,Lawrence Vikings,Appleton, Wisconsin,1948,1948,1,28,22,6,0.786,,,0,0,0,0,0,0
197,Lehigh Mountain Hawks,Bethlehem, Pennsylvania,1902,2019,118,2521,1107,1414,0.439,-13.03,-7.55,0,4,5,5,0,0
198,Lewis Institute,Chicago, Illinois,1905,1905,1,25,20,5,0.8,,,0,0,0,,,
199,Liberty Flames,Lynchburg, Virginia,1989,2019,31,955,453,502,0.474,-10.21,-6.94,0,3,4,4,0,0
200,Lipscomb Bisons,Nashville, Tennessee,2004,2019,16,499,266,233,0.533,-5.25,-4.42,0,3,1,1,0,0
201,Little Rock Trojans,Little Rock, Arkansas,1979,2019,41,1230,676,554,0.55,-3.33,-3.58,0,12,5,5,0,0
202,Long Beach State 49ers,Long Beach, California,1970,2019,50,1495,815,680,0.545,1.2,1.23,5,14,5,9,0,0
203,Long Island University Blackbirds,Brooklyn, New York,1929,2019,74,1987,1112,873,0.56,-9.3,-6.43,1,9,6,7,0,0
204,Longwood Lancers,Farmville, Virginia,2008,2019,12,384,126,258,0.328,-16.19,-5.27,0,0,0,0,0,0
205,Louisiana Ragin' Cajuns,Lafayette, Louisiana,1972,2019,48,1391,811,580,0.583,0.76,-1.12,2,10,7,10,0,0
206,Louisiana State Fighting Tigers,Baton Rouge, Louisiana,1909,2019,111,2748,1562,1186,0.568,5.49,4.39,13,12,1,22,4,0
207,Louisiana Tech Bulldogs,Ruston, Louisiana,1974,2019,46,1380,795,585,0.576,-0.27,-1.62,1,10,6,5,0,0
208,Louisiana-Monroe Warhawks,Monroe, Louisiana,1974,2019,46,1357,713,644,0.525,-4.6,-4.38,0,10,8,7,0,0
209,Louisville Cardinals,Louisville, Kentucky,1912,2019,105,2774,1845,929,0.665,13.46,6.48,34,23,17,43,10,3
210,Loyola (IL) Ramblers,Chicago, Illinois,1921,2019,98,2486,1323,1163,0.532,-0.17,1.51,5,6,2,6,2,1
211,Loyola (LA) Wolfpack,New Orleans, Louisiana,1952,1972,20,499,237,262,0.475,-6.45,0.25,0,0,0,2,0,0
212,Loyola (MD) Greyhounds,Baltimore, Maryland,1908,2019,75,1737,793,944,0.457,-9.05,-4.69,0,0,2,2,0,0
213,Loyola Marymount Lions,Los Angeles, California,1943,2019,72,1988,867,1121,0.436,-4.22,0.32,2,3,2,5,0,0
214,Macalester Scots,St. Paul, Minnesota,1896,1899,4,21,8,13,0.381,,,0,0,0,,,
215,Maine Black Bears,Orono, Maine,1904,2019,75,1800,799,1001,0.444,-12.2,-7.36,0,0,0,0,0,0
216,Manchester Spartans,North Manchester, Indiana,1926,1926,1,16,15,1,0.938,,,0,0,0,,,
217,Manhattan Jaspers,Riverdale, New York,1905,2019,113,2614,1365,1249,0.522,-3.34,-2.38,0,13,5,8,0,0
218,Marietta Pioneers,Marietta, Ohio,1908,1920,13,175,109,66,0.623,,,0,0,0,,,
219,Marist Red Foxes,Poughkeepsie, New York,1982,2019,38,1125,495,630,0.44,-7.33,-5.54,0,5,2,2,0,0
220,Marquette Golden Eagles,Milwaukee, Wisconsin,1917,2019,102,2640,1633,1007,0.619,8.92,4.64,22,3,1,33,3,1
221,Marshall Thundering Herd,Huntington, West Virginia,1919,2019,95,2461,1407,1052,0.572,-1.05,-1.27,1,6,4,6,0,0
222,Maryland Terrapins,College Park, Maryland,1924,2019,96,2598,1563,1035,0.602,9.94,5.22,23,6,4,28,2,1
223,Maryland-Baltimore County Retrievers,Baltimore, Maryland,1987,2019,33,975,388,587,0.398,-11.42,-6.65,0,2,2,2,0,0
224,Maryland-Eastern Shore Hawks,Princess Anne, Maryland,1974,2019,40,1155,334,821,0.289,-19.96,-9.57,0,1,1,0,0,0
225,Massachusetts Institute of Technology Engineers,Cambridge, Massachusetts,1909,1909,1,16,10,6,0.625,,,0,0,0,,,
226,Massachusetts Minutemen,Amherst, Massachusetts,1926,2019,60,1732,945,787,0.546,0.68,-0.31,5,15,5,9,1,0
227,Massachusetts-Lowell River Hawks,Lowell, Massachusetts,1906,2019,7,196,87,109,0.444,-11.08,-5.69,0,0,0,0,0,0
228,McNeese State Cowboys,Lake Charles, Louisiana,1974,2019,46,1326,632,694,0.477,-7.17,-4.71,0,6,2,2,0,0
229,Memphis Tigers,Memphis, Tennessee,1956,2019,64,1945,1298,647,0.667,8.6,3.61,16,18,11,25,3,0
230,Mercer Bears,Macon, Georgia,1974,2019,46,1354,646,708,0.477,-7.95,-5.41,0,3,3,3,0,0
231,Merchant Marine Academy Mariners,King's Point, New York,1946,1947,2,39,13,26,0.333,,,0,0,0,0,0,0
232,Miami (FL) Hurricanes,Coral Gables, Florida,1949,2019,56,1612,924,688,0.573,3.14,3.3,7,2,1,10,0,0
233,Miami (OH) RedHawks,Oxford, Ohio,1906,2019,114,2584,1388,1196,0.537,2.24,0.96,1,18,4,17,0,0
234,Michigan State Spartans,East Lansing, Michigan,1899,2019,120,2809,1717,1092,0.611,11.56,7.65,24,15,6,33,10,2
235,Michigan Wolverines,Ann Arbor, Michigan,1918,2019,102,2655,1616,1039,0.609,10.7,7.69,22,14,3,29,8,1
236,Middle Tennessee Blue Raiders,Murfreesboro, Tennessee,1959,2019,61,1738,968,770,0.557,-3.88,-2.89,0,11,7,9,0,0
237,Millikin Big Blue,Decatur, Illinois,1910,1921,12,210,150,60,0.714,,,0,0,0,,,
238,Millsaps Majors,Jackson, Mississippi,1911,1921,11,116,59,57,0.509,,,0,0,0,,,
239,Milwaukee Panthers,Milwaukee, Wisconsin,1974,2019,36,1064,522,542,0.491,-3.79,-1.34,0,4,4,4,0,0
240,Minnesota A&M Aggies,St. Paul, Minnesota,1896,1903,4,30,27,3,0.9,,,0,0,0,,,
241,Minnesota Golden Gophers,Minneapolis, Minnesota,1896,2019,124,2867,1648,1217,0.575,9.68,7.55,10,9,0,14,1,0
242,Mississippi Rebels,University, Mississippi,1909,2019,109,2630,1313,1315,0.5,2.44,4.33,2,3,2,9,0,0
243,Mississippi State Bulldogs,Mississippi State, Mississippi,1909,2019,107,2623,1425,1198,0.543,4.07,4.3,11,12,5,11,1,0
244,Mississippi Valley State Delta Devils,Itta Bena, Mississippi,1980,2019,40,1179,475,704,0.403,-13.87,-9.01,0,7,5,5,0,0
245,Missouri State Bears,Springfield, Missouri,1983,2019,37,1164,688,476,0.591,4.27,1.24,0,5,3,6,0,0
246,Missouri Tigers,Columbia, Missouri,1907,2019,113,2806,1640,1166,0.584,8.75,6.06,14,15,8,27,0,0
247,Missouri-Kansas City Kangaroos,Kansas City, Missouri,1990,2019,30,891,375,516,0.421,-6.94,-3.23,0,0,0,0,0,0
248,Monmouth Hawks,West Long Branch, New Jersey,1984,2019,36,1079,512,567,0.475,-7.92,-6.19,0,4,4,4,0,0
249,Montana Grizzlies,Missoula, Montana,1912,2019,104,2636,1437,1199,0.545,-2.44,-2.65,0,13,11,12,0,0
250,Montana State Bobcats,Bozeman, Montana,1902,2019,108,2618,1427,1191,0.545,-5.26,-2.68,0,10,2,2,0,0
251,Morehead State Eagles,Morehead, Kentucky,1956,2019,64,1772,883,889,0.498,-5.79,-3.48,0,9,4,7,0,0
252,Morgan State Bears,Baltimore, Maryland,1985,2019,35,1034,377,657,0.365,-15.64,-9.04,0,3,2,2,0,0
253,Morris Brown Wolverines,Atlanta, Georgia,2002,2003,2,57,13,44,0.228,-25.82,-6.03,0,0,0,0,0,0
254,Mount St. Mary's Mountaineers,Emmitsburg, Maryland,1989,2019,31,924,403,521,0.436,-9.24,-6.41,0,2,5,5,0,0
255,Mount Union Purple Raiders,Alliance, Ohio,1896,1932,37,493,314,179,0.637,,,0,0,0,,,
256,Muhlenburg Mules,Allentown, Pennsylvania,1901,1963,56,1064,579,484,0.545,-10.33,-4.35,0,3,0,0,0,0
257,Murray State Racers,Murray, Kentucky,1954,2019,66,1887,1197,690,0.634,-0.58,-3.17,2,27,16,17,0,0
258,Muskingum Fighting Muskies,New Concord, Ohio,1905,1927,3,48,44,4,0.917,,,0,0,0,,,
259,Navy Midshipmen,Annapolis, Maryland,1908,2019,112,2460,1395,1065,0.567,-4.93,-4,1,8,6,11,0,0
260,Nebraska Cornhuskers,Lincoln, Nebraska,1897,2019,123,2880,1515,1365,0.526,5.73,6.08,2,7,1,7,0,0
261,Nebraska Wesleyan Prairie Wolves,Lincoln, Nebraska,1906,1917,12,188,134,54,0.713,,,0,0,0,,,
262,Nevada Wolf Pack,Reno, Nevada,1913,2019,64,1696,954,742,0.563,0.23,1.14,4,12,5,9,0,0
263,Nevada-Las Vegas Rebels,Las Vegas, Nevada,1970,2019,50,1577,1100,477,0.698,9.46,3.2,16,13,11,20,4,1
264,New Hampshire Wildcats,Durham, New Hampshire,1927,2019,67,1720,589,1131,0.342,-14.82,-7.06,0,1,0,0,0,0
265,New Mexico Lobos,Albuquerque, New Mexico,1900,2019,113,2584,1497,1087,0.579,4,2.21,11,12,6,15,0,0
266,New Mexico State Aggies,Las Cruces, New Mexico,1905,2019,109,2614,1539,1073,0.589,1.25,-0.26,5,19,12,25,1,0
267,New Orleans Privateers,New Orleans, Louisiana,1976,2019,42,1235,678,557,0.549,-1.96,-2.16,2,8,4,5,0,0
268,New York University Violets,New York, New York,1907,1971,65,1184,725,459,0.612,-0.44,-0.12,2,6,0,6,2,0
269,Newberry Wolves,Newberry, South Carolina,1921,1921,1,4,2,2,0.5,,,0,0,0,,,
270,Niagara Purple Eagles,Niagara University, New York,1906,2019,113,2716,1471,1244,0.542,-2.88,-1.79,2,10,2,3,0,0
271,Nicholls State Colonels,Thibodaux, Louisiana,1981,2019,39,1107,447,660,0.404,-12.22,-5.95,0,3,2,2,0,0
272,NJIT Highlanders,Newark, New Jersey,2010,2019,10,315,157,158,0.498,-9.41,-6.58,0,1,0,0,0,0
273,Norfolk State Spartans,Norfolk, Virginia,1998,2019,22,684,326,358,0.477,-11.47,-8.68,0,2,1,1,0,0
274,North Alabama Lions,Florence, Alabama,2019,2019,1,32,10,22,0.313,-11,-1.69,0,0,0,0,0,0
275,North Carolina A&T Aggies,Greensboro, North Carolina,1974,2019,46,1353,656,697,0.485,-12.74,-9.83,0,11,14,10,0,0
276,North Carolina Central Eagles,Durham, North Carolina,2011,2019,9,295,182,113,0.617,-6.41,-9.38,0,3,4,4,0,0
277,North Carolina State Wolfpack,Raleigh, North Carolina,1913,2019,107,2805,1737,1068,0.619,10.97,5.88,17,13,17,27,3,2
278,North Carolina Tar Heels,Chapel Hill, North Carolina,1911,2019,109,3060,2261,799,0.739,15.85,6.87,51,39,26,50,20,6
279,North Carolina-Asheville Bulldogs,Asheville, North Carolina,1987,2019,33,988,473,515,0.479,-9.79,-5.51,0,7,5,4,0,0
280,North Carolina-Greensboro Spartans,Greensboro, North Carolina,1992,2019,28,855,401,454,0.469,-6.8,-4.36,0,6,3,3,0,0
281,North Carolina-Wilmington Seahawks,Wilmington, North Carolina,1977,2019,43,1278,662,616,0.518,-2.75,-2.53,0,8,6,6,0,0
282,North Central Cardinals,Naperville, Illinois,1911,1922,8,115,78,37,0.678,,,0,0,0,,,
283,North Dakota Fighting Hawks,Grand Forks, North Dakota,1905,2019,26,484,290,194,0.599,-7.78,-4.66,0,1,3,1,0,0
284,North Dakota State Bison,Fargo, North Dakota,1898,2019,40,737,509,228,0.691,-0.2,-2.85,0,3,4,4,0,0
285,North Florida Ospreys,Jacksonville, Florida,2010,2019,10,330,163,167,0.494,-5.9,-2.23,0,2,1,1,0,0
286,North Texas Mean Green,Denton, Texas,1922,2019,64,1762,781,981,0.443,-5.1,-0.42,0,3,3,3,0,0
287,Northeastern Huskies,Boston, Massachusetts,1938,2019,56,1538,807,731,0.525,-4.63,-4.28,0,13,9,9,0,0
288,Northeastern Illinois Golden Eagles,Chicago, Illinois,1991,1998,8,216,78,138,0.361,-14.9,-6.67,0,0,0,0,0,0
289,Northern Arizona Lumberjacks,Flagstaff, Arizona,1919,2019,80,1906,863,1043,0.453,-8.03,-3.03,0,6,2,2,0,0
290,Northern Colorado Bears,Greeley, Colorado,1911,2019,40,734,391,343,0.533,-4.58,-4.31,0,3,1,1,0,0
291,Northern Illinois Huskies,De Kalb, Illinois,1927,2019,53,1486,669,817,0.45,-3.84,-1.1,0,3,2,3,0,0
292,Northern Iowa Panthers,Cedar Falls, Iowa,1981,2019,39,1184,621,563,0.524,0.97,1.57,1,2,6,8,0,0
293,Northern Kentucky Norse,Highland Heights, Kentucky,2013,2019,7,219,114,105,0.521,-3.25,-3.55,0,2,2,2,0,0
294,Northwest Missouri State Bearcats,Maryville, Missouri,1930,1932,3,97,89,8,0.918,,,0,0,0,,,
295,Northwestern State Demons,Natchitoches, Louisiana,1977,2019,43,1243,549,694,0.442,-9.87,-5.62,0,3,3,3,0,0
296,Northwestern Wildcats,Evanston, Illinois,1905,2019,114,2608,1088,1519,0.417,3.34,7.36,0,2,0,1,0,0
297,Notre Dame Fighting Irish,Notre Dame, Indiana,1897,2019,115,2912,1882,1029,0.647,10.05,5.73,25,1,1,36,1,0
298,Oakland Golden Grizzlies,Rochester, Michigan,2000,2019,20,647,354,293,0.547,-0.86,-1.24,0,4,3,3,0,0
299,Oberlin Yeomen,Oberlin, Ohio,1905,1921,7,82,61,21,0.744,,,0,0,0,,,
300,Ohio Bobcats,Athens, Ohio,1908,2019,112,2685,1530,1155,0.57,0.47,-0.17,0,10,6,13,0,0
301,Ohio State Buckeyes,Columbus, Ohio,1899,2019,120,2886,1768,1118,0.613,11.66,7.36,22,22,5,33,11,1
302,Ohio Wesleyan Battling Bishops,Delaware, Ohio,1929,1935,2,40,35,5,0.875,,,0,0,0,,,
303,Oklahoma City Chiefs,Oklahoma City, Oklahoma,1951,1985,35,948,530,418,0.559,0.45,-0.93,3,0,1,11,0,0
304,Oklahoma Sooners,Norman, Oklahoma,1908,2019,112,2768,1685,1083,0.609,9.54,6.4,19,14,7,32,5,0
305,Oklahoma State Cowboys,Stillwater, Oklahoma,1908,2019,110,2837,1660,1177,0.585,8.66,5.7,18,19,4,28,6,2
306,Old Dominion Monarchs,Norfolk, Virginia,1977,2019,43,1349,828,521,0.614,3.35,-0.08,0,9,7,12,0,0
307,Omaha Mavericks,Omaha, Nebraska,2013,2019,7,219,106,113,0.484,-5.46,-2.58,0,0,0,0,0,0
308,Oral Roberts Golden Eagles,Tulsa, Oklahoma,1972,2019,44,1314,736,578,0.56,0.41,-1.03,2,7,5,5,0,0
309,Oregon Ducks,Eugene, Oregon,1903,2019,114,3031,1667,1364,0.55,5.89,5.75,5,6,5,16,2,1
310,Oregon State Beavers,Corvallis, Oregon,1902,2019,118,3100,1760,1340,0.568,6.08,5.52,8,12,0,17,2,0
311,Pacific Tigers,Stockton, California,1938,2019,69,1949,984,965,0.505,-1.24,-0.15,1,10,5,9,0,0
312,Penn State Nittany Lions,University Park, Pennsylvania,1897,2019,123,2664,1476,1187,0.554,2.24,1.98,2,1,1,9,1,0
313,Pennsylvania Quakers,Philadelphia, Pennsylvania,1897,2019,118,2895,1785,1109,0.617,0.15,-3.04,6,38,1,24,1,0
314,Pepperdine Waves,Malibu, California,1944,2019,65,1866,928,938,0.497,-2.38,0.04,1,12,3,13,0,0
315,Phillips Haymakers,Enid, Oklahoma,1920,1920,1,3,2,1,0.667,,,0,0,0,,,
316,Pittsburg State Gorillas,Pittsburg, Kansas,1927,1931,5,103,86,17,0.835,,,0,0,0,,,
317,Pittsburgh Panthers,Pittsburgh, Pennsylvania,1906,2019,112,2786,1615,1171,0.58,5.17,4.1,13,11,4,26,1,0
318,Portland Pilots,Portland, Oregon,1954,2019,66,1865,786,1079,0.421,-5.27,0.64,0,0,1,2,0,0
319,Portland State Vikings,Portland, Oregon,1973,2019,30,868,424,444,0.488,-6.02,-2.93,0,2,2,2,0,0
320,Prairie View Panthers,Prairie View, Texas,1981,2019,39,1134,329,805,0.29,-21.09,-8.18,0,2,2,2,0,0
321,Pratt Institute Cannoneers,Brooklyn, New York,1934,1934,1,14,8,6,0.571,,,0,0,0,,,
322,Presbyterian Blue Hose,Clinton, South Carolina,2011,2019,9,285,98,187,0.344,-13.76,-5.11,0,0,0,0,0,0
323,Princeton Tigers,Princeton, New Jersey,1901,2019,119,2838,1747,1090,0.616,1.41,-3.6,4,30,1,25,1,0
324,Providence Friars,Providence, Rhode Island,1929,2019,70,2021,1235,786,0.611,7.43,4.28,6,0,2,20,2,0
325,Purdue Boilermakers,West Lafayette, Indiana,1897,2019,121,2841,1821,1020,0.641,11.76,7.6,22,24,1,31,2,0
326,Purdue-Fort Wayne Mastodons,Fort Wayne, Indiana,2003,2019,17,529,249,280,0.471,-5.94,-2.34,0,1,0,0,0,0
327,Quinnipiac Bobcats,Hamden, Connecticut,1999,2019,21,630,299,331,0.475,-8.28,-6.74,0,1,0,0,0,0
328,Radford Highlanders,Radford, Virginia,1985,2019,35,1051,545,506,0.519,-9.13,-7.07,0,5,3,3,0,0
329,Regis (CO) Rangers,Denver, Colorado,1962,1964,3,66,37,29,0.561,-4.77,0.04,0,0,0,0,0,0
330,Rensselaer Engineers,Troy, New York,1901,1924,4,39,28,11,0.718,,,0,0,0,,,
331,Rhode Island Rams,Kingston, Rhode Island,1904,2019,113,2650,1514,1136,0.571,-1.25,-0.73,0,15,2,10,0,0
332,Rice Owls,Houston, Texas,1915,2019,105,2554,1113,1441,0.436,-3.27,0.79,0,10,0,4,0,0
333,Richmond Spiders,Richmond, Virginia,1913,2019,107,2584,1373,1211,0.531,-2.36,-1.55,1,6,6,9,0,0
334,Rider Broncs,Lawrenceville, New Jersey,1929,2019,56,1589,837,752,0.527,-7.45,-6.07,0,12,3,3,0,0
335,Ripon Red Hawks,Ripon, Wisconsin,1902,1922,5,59,46,13,0.78,,,0,0,0,,,
336,Roanoke Maroons,Salem, Virginia,1912,1919,8,92,67,25,0.728,,,0,0,0,,,
337,Robert Morris Colonials,Moon Township, Pennsylvania,1977,2019,43,1284,629,655,0.49,-8.83,-6.8,0,11,8,8,0,0
338,Rochester (NY) Yellowjackets,Rochester, New York,1910,1944,7,111,74,37,0.667,,,0,0,0,0,0,0
339,Rose-Hulman Fightin' Engineers,Terre Haute, Indiana,1898,1898,1,4,2,2,0.5,,,0,0,0,,,
340,Rutgers Scarlet Knights,New Brunswick, New Jersey,1914,2019,105,2452,1240,1212,0.506,-1.15,0.5,2,9,2,6,1,0
341,Sacramento State Hornets,Sacramento, California,1992,2019,28,800,243,557,0.304,-12.68,-3.08,0,0,0,0,0,0
342,Sacred Heart Pioneers,Fairfield, Connecticut,2000,2019,20,597,224,373,0.375,-11.25,-6.98,0,0,0,0,0,0
343,Saint Francis (PA) Red Flash,Loretto, Pennsylvania,1956,2019,64,1743,778,965,0.446,-9.24,-4.44,0,2,1,1,0,0
344,Saint Joseph's Hawks,Philadelphia, Pennsylvania,1910,2019,110,2774,1646,1128,0.593,4,1.79,6,20,6,21,1,0
345,Saint Louis Billikens,St. Louis, Missouri,1916,2019,103,2654,1431,1223,0.539,4.95,3.98,10,7,3,10,0,0
346,Saint Mary's (CA) Gaels,Moraga, California,1910,2019,110,2580,1341,1239,0.52,-1.2,0.23,4,7,4,10,0,0
347,Saint Peter's Peacocks,Jersey City, New Jersey,1966,2019,54,1545,762,783,0.493,-5.1,-3.98,0,6,3,3,0,0
348,Sam Houston State Bearkats,Huntsville, Texas,1987,2019,33,983,513,470,0.522,-7.07,-5.35,0,6,2,2,0,0
349,Samford Bulldogs,Birmingham, Alabama,1973,2019,47,1359,593,766,0.436,-9,-5.39,0,3,2,2,0,0
350,San Diego State Aztecs,San Diego, California,1971,2019,49,1477,797,680,0.54,3.31,3.32,3,8,7,12,0,0
351,San Diego Toreros,San Diego, California,1980,2019,40,1181,591,590,0.5,-0.21,0.48,0,2,2,4,0,0
352,San Francisco Dons,San Francisco, California,1924,2019,92,2397,1386,1011,0.578,2.27,0.59,9,15,1,16,3,2
353,San Jose State Spartans,San Jose, California,1938,2019,69,1889,754,1135,0.399,-4.14,0.75,0,1,2,2,0,0
354,Santa Clara Broncos,Santa Clara, California,1909,2019,110,2601,1489,1112,0.572,1.34,0.55,2,11,2,11,1,0
355,Savage School of Physical Education,New York, New York,1896,1898,2,8,6,2,0.75,,,0,0,0,,,
356,Savannah State Tigers,Savannah, Georgia,2003,2019,17,513,189,324,0.368,-16.73,-5.37,0,2,0,0,0,0
357,Scranton Royals,Scranton, Pennsylvania,1948,1948,1,27,7,20,0.259,,,0,0,0,0,0,0
358,Seattle Redhawks,Seattle, Washington,1953,2019,37,1036,612,424,0.591,1.19,-1.17,5,0,0,11,1,0
359,Seton Hall Pirates,South Orange, New Jersey,1909,2019,106,2599,1514,1084,0.583,3.46,3.5,7,3,3,13,1,0
360,Sewanee Tigers,Sewanee, Tennessee,1923,1941,19,248,48,200,0.194,,,0,0,0,0,0,0
361,Siena Saints,Loudonville, New York,1939,2019,61,1682,918,764,0.546,-4.15,-3.42,1,9,6,6,0,0
362,South Alabama Jaguars,Mobile, Alabama,1972,2019,48,1406,787,619,0.56,-0.88,-1.63,0,12,5,8,0,0
363,South Carolina Gamecocks,Columbia, South Carolina,1909,2019,111,2682,1426,1255,0.532,4.11,3.4,8,7,2,9,1,0
364,South Carolina State Bulldogs,Orangeburg, South Carolina,1972,2019,48,1419,687,732,0.484,-13.18,-10.55,0,8,5,5,0,0
365,South Carolina Upstate Spartans,Spartanburg, South Carolina,2011,2019,9,296,125,171,0.422,-8.3,-4.18,0,0,0,0,0,0
366,South Dakota Coyotes,Vermillion, South Dakota,2011,2019,9,285,142,143,0.498,-4.9,-3.24,0,1,0,0,0,0
367,South Dakota State Jackrabbits,Brookings, South Dakota,2009,2019,11,368,237,131,0.644,1.82,-2.53,0,5,5,5,0,0
368,South Florida Bulls,Tampa, Florida,1974,2019,46,1363,623,740,0.457,1.18,3,0,1,1,3,0,0
369,Southeast Missouri State Redhawks,Cape Girardeau, Missouri,1992,2019,28,828,347,481,0.419,-8.62,-4.73,0,1,1,1,0,0
370,Southeastern Louisiana Lions,Hammond, Louisiana,1981,2019,38,1099,482,617,0.439,-10.8,-6.36,0,5,1,1,0,0
371,Southern California Trojans,Los Angeles, California,1907,2019,113,2832,1619,1213,0.572,7.83,6.18,9,7,1,18,2,0
372,Southern Illinois Salukis,Carbondale, Illinois,1968,2019,52,1549,862,687,0.556,2.78,2.14,1,9,5,10,0,0
373,Southern Illinois-Edwardsville Cougars,Edwardsville, Illinois,2011,2019,9,261,81,180,0.31,-12.74,-4.22,0,0,0,0,0,0
374,Southern Jaguars,Baton Rouge, Louisiana,1978,2019,42,1247,649,598,0.52,-10.22,-10.01,0,8,9,9,0,0
375,Southern Methodist Mustangs,Dallas, Texas,1917,2019,103,2571,1346,1225,0.524,2.44,1.8,5,15,3,12,1,0
376,Southern Mississippi Golden Eagles,Hattiesburg, Mississippi,1967,2019,48,1412,740,672,0.524,0.81,1.81,1,2,0,3,0,0
377,Southern Utah Thunderbirds,Cedar City, Utah,1989,2019,31,905,381,524,0.421,-7.7,-3.71,0,2,3,1,0,0
378,Southwestern (KS) Moundbuilders,Winfield, Kansas,1905,1923,19,289,212,77,0.734,,,0,0,0,,,
379,Southwestern (TX) Pirates,Georgetown, Texas,1915,1916,2,10,1,9,0.1,,,0,0,0,,,
380,Springfield Pride,Springfield, Massachusetts,1897,1935,30,406,268,138,0.66,,,0,0,0,,,
381,St. Bonaventure Bonnies,St. Bonaventure, New York,1920,2019,99,2400,1362,1038,0.568,2.01,1.51,6,7,1,7,1,0
382,St. Francis (NY) Terriers,Brooklyn Heights, New York,1902,2019,100,2509,1227,1282,0.489,-11.63,-5.61,0,6,0,0,0,0
383,St. John's (NY) Red Storm,Queens, New York,1908,2019,112,2930,1900,1030,0.648,8.4,4.99,15,14,3,30,2,0
384,St. John's College (OH),Toledo, Ohio,1921,1921,1,15,15,0,1,,,0,0,0,,,
385,St. Lawrence Saints,Canton, New York,1902,1914,7,99,70,29,0.707,,,0,0,0,,,
386,Stanford Cardinal,Stanford, California,1914,2019,104,2692,1529,1163,0.568,7.81,6.08,10,11,1,17,2,1
387,Stephen F. Austin Lumberjacks,Nacogdoches, Texas,1987,2019,33,972,549,423,0.565,-5.98,-6.65,0,8,5,5,0,0
388,Stetson Hatters,DeLand, Florida,1972,2019,48,1373,621,752,0.452,-8.26,-4.5,0,0,0,0,0,0
389,Stevens Institute Ducks,Hoboken, New Jersey,1917,1920,4,48,37,11,0.771,,,0,0,0,,,
390,Stony Brook Seawolves,Stony Brook, New York,2000,2019,20,617,311,306,0.504,-6.52,-5.48,0,4,1,1,0,0
391,SUNY-Potsdam Bears,Potsdam, New York,1910,1913,2,32,22,10,0.688,,,0,0,0,,,
392,Swarthmore Garnet,Swarthmore, Pennsylvania,1906,1919,11,133,92,41,0.692,,,0,0,0,,,
393,Syracuse Orange,Syracuse, New York,1899,2019,119,2917,2008,908,0.689,9.62,3.86,30,10,5,40,6,1
394,Temple Owls,Philadelphia, Pennsylvania,1895,2019,123,3005,1926,1079,0.641,6.41,2.55,9,20,10,33,2,0
395,Tennessee State Tigers,Nashville, Tennessee,1978,2019,42,1204,511,693,0.424,-8.63,-4.66,0,2,2,2,0,0
396,Tennessee Tech Golden Eagles,Cookeville, Tennessee,1944,2019,65,1773,876,897,0.494,-6.49,-3.63,0,7,1,2,0,0
397,Tennessee Volunteers,Knoxville, Tennessee,1909,2019,110,2709,1656,1051,0.612,8.38,5.14,13,13,4,22,0,0
398,Tennessee-Martin Skyhawks,Martin, Tennessee,1993,2019,27,800,305,495,0.381,-11.03,-4.18,0,1,0,0,0,0
399,Texas A&M Aggies,College Station, Texas,1913,2019,107,2699,1424,1275,0.528,2.4,2.43,4,12,2,14,0,0
400,Texas A&M-Corpus Christi Islanders,Corpus Christi, Texas,2003,2019,17,526,273,253,0.519,-5.9,-4.61,0,1,1,1,0,0
401,Texas Christian Horned Frogs,Fort Worth, Texas,1914,2019,106,2624,1223,1401,0.466,0.07,1.85,3,11,0,8,0,0
402,Texas Longhorns,Austin, Texas,1906,2019,113,2875,1789,1086,0.622,6.19,3.57,11,25,2,34,3,0
403,Texas Southern Tigers,Houston, Texas,1978,2019,42,1253,623,630,0.497,-10.53,-8.46,0,12,8,8,0,0
404,Texas State Bobcats,San Marcos, Texas,1985,2019,35,1029,465,564,0.452,-8.6,-5.64,0,3,2,2,0,0
405,Texas Tech Red Raiders,Lubbock, Texas,1926,2019,91,2450,1374,1076,0.561,4.17,2.51,6,13,5,17,1,0
406,Texas Wesleyan Rams,Fort Worth, Texas,1948,1948,1,30,19,11,0.633,,,0,0,0,0,0,0
407,Texas-Arlington Mavericks,Arlington, Texas,1969,2019,51,1465,676,789,0.461,-8.15,-4.6,0,3,1,1,0,0
408,Texas-El Paso Miners,El Paso, Texas,1923,2019,91,2338,1335,1003,0.571,2.8,0.73,4,11,5,17,1,1
409,Texas-Rio Grande Valley Vaqueros,Edinburg, Texas,1969,2019,51,1440,619,821,0.43,-8.37,-3.13,0,0,0,0,0,0
410,Texas-San Antonio Roadrunners,San Antonio, Texas,1982,2019,38,1122,563,559,0.502,-5.97,-4.62,0,3,4,4,0,0
411,Toledo Rockets,Toledo, Ohio,1916,2019,104,2536,1454,1082,0.573,0.84,-0.25,2,10,1,4,0,0
412,Towson Tigers,Towson, Maryland,1980,2019,40,1188,496,692,0.418,-8.03,-4.35,0,4,3,2,0,0
413,Trinity (CT) Bantams,Hartford, Connecticut,1897,1911,8,81,28,53,0.346,,,0,0,0,,,
414,Trinity (TX) Tigers,San Antonio, Texas,1971,1973,3,70,25,45,0.357,-24.37,-5.64,0,0,0,0,0,0
415,Troy Trojans,Troy, Alabama,1994,2019,26,778,371,407,0.477,-7.51,-5.17,0,6,2,2,0,0
416,Tulane Green Wave,New Orleans, Louisiana,1906,2019,109,2518,1219,1299,0.484,-1.2,1.16,1,6,0,3,0,0
417,Tulsa Golden Hurricane,Tulsa, Oklahoma,1914,2019,106,2608,1450,1158,0.556,5.03,3.19,5,10,6,16,0,0
418,U.S. International Gulls,San Diego, California,1982,1991,10,279,69,210,0.247,-18.06,-5.34,0,0,0,0,0,0
419,UC-Davis Aggies,Davis, California,2008,2019,12,380,166,214,0.437,-6.3,-2.48,0,2,1,1,0,0
420,UC-Irvine Anteaters,Irvine, California,1978,2019,42,1269,626,643,0.493,-1.54,0.28,0,6,2,2,0,0
421,UC-Riverside Highlanders,Riverside, California,2002,2019,18,535,181,354,0.338,-8.74,-1.95,0,0,0,0,0,0
422,UC-Santa Barbara Gauchos,Santa Barbara, California,1964,2019,56,1588,840,748,0.529,-0.34,0.07,0,4,3,5,0,0
423,UCLA Bruins,Los Angeles, California,1920,2019,100,2746,1890,856,0.688,15.56,6.89,41,31,4,49,18,11
424,Union (NY) Dutchmen,Schenectady, New York,1907,1925,19,266,162,104,0.609,,,0,0,0,,,
425,University of California Golden Bears,Berkeley, California,1908,2019,110,2803,1621,1182,0.578,7.14,6.02,5,14,0,19,3,1
426,Utah State Aggies,Logan, Utah,1904,2019,114,2723,1604,1119,0.589,3.71,0.88,5,16,9,21,0,0
427,Utah Utes,Salt Lake City, Utah,1909,2019,111,2823,1819,1004,0.644,8.13,3.58,21,30,5,29,4,1
428,Utah Valley Wolverines,Orem, Utah,2010,2019,10,320,173,147,0.541,-6.17,-5.2,0,3,0,0,0,0
429,Utica Pioneers,Utica, New York,1982,1987,6,158,64,94,0.405,-12.95,-7.35,0,0,0,0,0,0
430,Valparaiso Crusaders,Valparaiso, Indiana,1918,2019,84,2133,1129,1004,0.529,-4.23,-1.62,0,14,10,9,0,0
431,Vanderbilt Commodores,Nashville, Tennessee,1901,2019,117,2772,1606,1166,0.579,8.34,4.92,11,3,3,15,0,0
432,Vermont Catamounts,Burlington, Vermont,1921,2019,64,1744,924,820,0.53,-10.41,-7.18,0,10,7,7,0,0
433,Villanova Wildcats,Villanova, Pennsylvania,1921,2019,99,2714,1779,935,0.655,10.15,5.62,23,12,7,39,6,3
434,Virginia Cavaliers,Charlottesville, Virginia,1906,2019,114,2801,1632,1168,0.583,6.75,5.5,13,10,3,23,3,1
435,Virginia Commonwealth Rams,Richmond, Virginia,1974,2019,46,1417,918,499,0.648,5.16,0.6,3,11,9,17,1,0
436,Virginia Military Institute Keydets,Lexington, Virginia,1909,2019,111,2430,897,1533,0.369,-13.07,-4.82,1,2,3,3,0,0
437,Virginia Tech Hokies,Blacksburg, Virginia,1909,2019,111,2684,1464,1220,0.545,3.73,1.45,2,2,1,11,0,0
438,Wabash Little Giants,Crawfordsville, Indiana,1897,1925,29,407,301,106,0.74,,,0,0,0,,,
439,Wagner Seahawks,Staten Island, New York,1966,2019,47,1351,657,694,0.486,-9.69,-7.44,0,3,1,1,0,0
440,Wake Forest Demon Deacons,Winston-Salem, North Carolina,1906,2019,113,2773,1537,1236,0.554,8.03,6.17,17,4,5,23,1,0
441,Washburn Ichabods,Topeka, Kansas,1906,1941,35,557,270,283,0.488,,,0,0,0,0,0,0
442,Washington & Jefferson Presidents,Washington, Pennsylvania,1913,1944,10,128,73,55,0.57,,,0,0,0,0,0,0
443,Washington & Lee Generals,Lexington, Virginia,1907,1959,51,905,472,432,0.522,-15.29,-5.66,0,3,2,0,0,0
444,Washington (MO) Bears,St. Louis, Missouri,1905,1960,52,921,433,488,0.47,-5.26,-1.82,0,2,0,0,0,0
445,Washington College Shoremen,Chestertown, Maryland,1913,1925,13,151,109,42,0.722,,,0,0,0,,,
446,Washington Huskies,Seattle, Washington,1896,2019,118,2983,1797,1186,0.602,7.43,6,8,12,3,17,1,0
447,Washington State Cougars,Pullman, Washington,1902,2019,118,3120,1593,1527,0.511,2.92,4.84,3,2,0,6,1,0
448,Wayne State (MI) Warriors,Detroit, Michigan,1928,1950,5,104,47,57,0.452,,,0,0,0,0,0,0
449,Weber State Wildcats,Ogden, Utah,1964,2019,56,1648,1039,609,0.63,0.37,-2.62,1,22,10,16,0,0
450,Wesleyan (CT) Cardinals,Middletown, Connecticut,1896,1913,13,171,97,74,0.567,,,0,0,0,,,
451,West Chester Golden Rams,West Chester, Pennsylvania,1899,1982,10,244,86,158,0.352,-17.6,-8.15,0,1,0,0,0,0
452,West Texas A&M Buffaloes,Canyon, Texas,1921,1986,54,1275,707,568,0.555,-6.34,-1.65,0,4,0,1,0,0
453,West Virginia Mountaineers,Morgantown, West Virginia,1904,2019,110,2871,1771,1100,0.617,7.06,2.52,17,16,13,29,2,0
454,Western Carolina Catamounts,Cullowhee, North Carolina,1977,2019,43,1264,550,714,0.435,-8.73,-3.85,0,3,1,1,0,0
455,Western Illinois Leathernecks,Macomb, Illinois,1982,2019,38,1090,454,636,0.417,-8.48,-3.68,0,2,1,0,0,0
456,Western Kentucky Hilltoppers,Bowling Green, Kentucky,1922,2019,98,2717,1792,925,0.66,3.32,-0.15,11,28,19,23,1,0
457,Western Michigan Broncos,Kalamazoo, Michigan,1914,2019,106,2548,1334,1213,0.524,-2.63,-0.12,1,10,2,4,0,0
458,Western State Mountaineers,Gunnison, Colorado,1924,1937,14,189,88,101,0.466,,,0,0,0,,,
459,Westminster (MO) Blue Jays,Fulton, Missouri,1920,1920,1,17,17,0,1,,,0,0,0,,,
460,Westminster (PA) Titans,New Wilmington, Pennsylvania,1898,1935,21,294,210,84,0.714,,,0,0,0,,,
461,Wheaton (IL) Thunder,Wheaton, Illinois,1902,1905,4,57,39,17,0.696,,,0,0,0,,,
462,Whittier Poets,Whittier, California,1909,1915,3,42,38,3,0.927,,,0,0,0,,,
463,Wichita State Shockers,Wichita, Kansas,1906,2019,112,2789,1586,1203,0.569,5.95,3.24,8,11,4,15,2,0
464,Widener Pride,Chester, Pennsylvania,1899,1909,5,26,20,6,0.769,,,0,0,0,,,
465,William & Mary Tribe,Williamsburg, Virginia,1906,2019,114,2636,1233,1403,0.468,-5.43,-2.6,0,3,0,0,0,0
466,Williams Ephs,Williamstown, Massachusetts,1901,1911,10,161,136,24,0.85,,,0,0,0,,,
467,Winthrop Eagles,Rock Hill, South Carolina,1987,2019,33,994,535,459,0.538,-7.85,-6.8,1,9,11,10,0,0
468,Wisconsin Badgers,Madison, Wisconsin,1899,2019,121,2828,1614,1214,0.571,8.52,7.71,16,18,3,24,4,1
469,Wisconsin-Stevens Point Pointers,Stevens Point, Wisconsin,1898,1918,21,156,98,58,0.628,,,0,0,0,,,
470,Wisconsin-Superior Yellowjackets,Superior, Wisconsin,1900,1901,2,14,10,4,0.714,,,0,0,0,,,
471,Wittenberg Tigers,Springfield, Ohio,1931,1931,1,20,18,2,0.9,,,0,0,0,,,
472,Wofford Terriers,Spartanburg, South Carolina,1996,2019,24,737,367,370,0.498,-5.48,-2.78,1,4,5,5,0,0
473,Wooster Fighting Scots,Wooster, Ohio,1901,1931,31,390,225,165,0.577,,,0,0,0,,,
474,Worcester Tech Engineers,Worcester, Massachusetts,1920,1920,1,16,14,2,0.875,,,0,0,0,,,
475,Wright State Raiders,Dayton, Ohio,1988,2019,32,971,530,441,0.546,-1.7,-2.07,0,2,3,3,0,0
476,Wyoming Cowboys,Laramie, Wyoming,1905,2019,114,2721,1537,1184,0.565,2.79,2.68,4,21,3,15,1,1
477,Xavier Musketeers,Cincinnati, Ohio,1920,2019,98,2495,1490,1005,0.597,5.58,3.64,12,18,9,28,0,0
478,Yale Bulldogs,New Haven, Connecticut,1896,2019,124,2962,1480,1479,0.5,-6.6,-4.64,1,14,1,5,0,0
479,Youngstown State Penguins,Youngstown, Ohio,1948,2019,39,1132,432,700,0.382,-8.53,-3.17,0,0,0,0,0,0
